timestamp,x,y,z,magnitude,distance_cm,temperature
-0.0349,-0.0029,0.0757,0.08,No Significant Movement.,0.0,33.38,2025-03-23 12:56:16
-0.028,0.0125,0.0595,0.07,No Significant Movement.,0.0,33.38,2025-03-23 12:56:18
-0.0278,0.0078,0.0432,0.05,No Significant Movement.,0.0,33.28,2025-03-23 12:56:20
-0.0249,0.0081,0.0491,0.06,No Significant Movement.,0.0,33.42,2025-03-23 12:56:23
-0.0234,0.0066,0.0449,0.05,No Significant Movement.,0.0,33.28,2025-03-23 12:56:25
-0.0251,0.0083,0.0295,0.04,No Significant Movement.,0.0,33.33,2025-03-23 12:56:27
-0.0263,0.0151,0.0452,0.05,No Significant Movement.,0.0,33.38,2025-03-23 12:56:30
-0.0312,0.0056,0.0369,0.05,No Significant Movement.,0.0,33.47,2025-03-23 12:56:32
-0.0244,0.0127,0.0483,0.06,No Significant Movement.,0.0,33.38,2025-03-23 12:56:35
-0.0207,0.0134,0.0388,0.05,No Significant Movement.,0.0,33.38,2025-03-23 12:56:37
-0.0292,0.0132,0.0395,0.05,No Significant Movement.,0.0,33.38,2025-03-23 12:56:39
-0.0305,0.0086,0.0408,0.05,No Significant Movement.,0.0,33.47,2025-03-23 12:56:42
-0.0222,0.0073,0.042,0.05,No Significant Movement.,0.0,33.42,2025-03-23 12:56:44
-0.0229,-0.0007,0.0486,0.05,No Significant Movement.,0.0,33.42,2025-03-23 12:56:46
-0.0263,0.0088,0.0422,0.05,No Significant Movement.,0.0,33.42,2025-03-23 12:56:48
-0.027,0.0122,0.0415,0.05,No Significant Movement.,0.0,33.42,2025-03-23 12:56:51
-0.0258,0.0127,0.0432,0.05,No Significant Movement.,0.0,33.33,2025-03-23 12:56:53
-0.0229,0.0103,0.0408,0.05,No Significant Movement.,0.0,33.47,2025-03-23 12:56:56
-0.0236,0.0117,0.043,0.05,No Significant Movement.,0.0,33.47,2025-03-23 12:56:58
-0.0283,0.0142,0.0395,0.05,No Significant Movement.,0.0,33.38,2025-03-23 12:57:00
-0.0249,0.0022,0.0525,0.06,No Significant Movement.,0.0,33.47,2025-03-23 12:57:02
-0.03,0.0115,0.0432,0.05,No Significant Movement.,0.0,33.47,2025-03-23 12:57:05
-0.0249,0.0083,0.0434,0.05,No Significant Movement.,0.0,33.38,2025-03-23 12:57:07
-0.0268,0.0083,0.0449,0.05,No Significant Movement.,0.0,33.47,2025-03-23 12:57:09
-0.0249,0.0108,0.041,0.05,No Significant Movement.,0.0,33.47,2025-03-23 12:57:12
-0.0251,0.0127,0.0552,0.06,No Significant Movement.,0.0,33.47,2025-03-23 12:57:14
-0.031,0.0125,0.051,0.06,No Significant Movement.,0.0,33.42,2025-03-23 12:57:16
-0.0275,0.0103,0.0442,0.05,No Significant Movement.,0.0,33.52,2025-03-23 12:57:18
-0.0292,0.0132,0.041,0.05,No Significant Movement.,0.0,33.52,2025-03-23 12:57:21
-0.0256,0.0056,0.0471,0.05,No Significant Movement.,0.0,33.47,2025-03-23 12:57:23
-0.0288,0.0129,0.0347,0.05,No Significant Movement.,0.0,33.42,2025-03-23 12:57:26
-0.0231,0.0093,0.0464,0.05,No Significant Movement.,0.0,33.47,2025-03-23 12:57:28
-0.0239,0.0134,0.0442,0.05,No Significant Movement.,0.0,33.47,2025-03-23 12:57:31
-0.0251,0.0098,0.0417,0.05,No Significant Movement.,0.0,33.38,2025-03-23 12:57:33
-0.0302,0.0042,0.0452,0.05,No Significant Movement.,0.0,33.47,2025-03-23 12:57:35
-0.0288,0.0112,0.0466,0.06,No Significant Movement.,0.0,33.38,2025-03-23 12:57:38
-0.0263,0.0083,0.0452,0.05,No Significant Movement.,0.0,33.47,2025-03-23 12:57:40
-0.0239,0.0139,0.0437,0.05,No Significant Movement.,0.0,33.52,2025-03-23 12:57:43
-0.0319,0.0068,0.0437,0.05,No Significant Movement.,0.0,33.47,2025-03-23 12:57:46
-0.0297,0.0108,0.0437,0.05,No Significant Movement.,0.0,33.52,2025-03-23 12:57:49
-0.0275,0.0051,0.0395,0.05,No Significant Movement.,0.0,33.57,2025-03-23 12:57:51
-0.0263,0.0103,0.0369,0.05,No Significant Movement.,0.0,33.61,2025-03-23 12:57:54
-0.0231,0.012,0.0473,0.05,No Significant Movement.,0.0,33.52,2025-03-23 12:57:56
-0.0275,0.0083,0.0456,0.05,No Significant Movement.,0.0,33.42,2025-03-23 12:57:58
-0.0212,0.0022,0.0332,0.04,No Significant Movement.,0.0,33.52,2025-03-23 12:58:00
-0.0256,0.0059,0.0422,0.05,No Significant Movement.,0.0,33.33,2025-03-23 12:58:03
-0.0288,0.0108,0.0461,0.06,No Significant Movement.,0.0,33.57,2025-03-23 12:58:06
-0.0263,0.011,0.042,0.05,No Significant Movement.,0.0,33.52,2025-03-23 12:58:08
-0.0275,0.0095,0.0376,0.05,No Significant Movement.,0.0,33.57,2025-03-23 12:58:10
-0.0268,0.0108,0.0351,0.05,No Significant Movement.,0.0,33.33,2025-03-23 12:58:13
-0.0285,0.0066,0.0527,0.06,No Significant Movement.,0.0,33.47,2025-03-23 12:58:15
-0.0273,0.0105,0.0454,0.05,No Significant Movement.,0.0,33.47,2025-03-23 12:58:17
-0.0275,0.0125,0.0369,0.05,No Significant Movement.,0.0,33.52,2025-03-23 12:58:20
-0.0268,0.0098,0.0386,0.05,No Significant Movement.,0.0,33.47,2025-03-23 12:58:22
-0.0263,0.0076,0.0469,0.05,No Significant Movement.,0.0,33.57,2025-03-23 12:58:24
-0.0273,0.0125,0.0515,0.06,No Significant Movement.,0.0,33.52,2025-03-23 12:58:27
-0.0292,0.0129,0.0344,0.05,No Significant Movement.,0.0,33.57,2025-03-23 12:58:29
-0.0197,0.0095,0.0298,0.04,No Significant Movement.,0.0,33.47,2025-03-23 12:58:32
-0.0251,0.0149,0.0452,0.05,No Significant Movement.,0.0,33.47,2025-03-23 12:59:50
-0.031,0.0088,0.0376,0.05,No Significant Movement.,0.0,33.57,2025-03-23 12:59:52
-0.0263,0.0108,0.0422,0.05,No Significant Movement.,0.0,33.61,2025-03-23 12:59:55
-0.0288,0.0066,0.0503,0.06,No Significant Movement.,0.0,33.57,2025-03-23 12:59:57
-0.0275,0.012,0.0427,0.05,No Significant Movement.,0.0,33.57,2025-03-23 13:00:00
-0.0275,0.0127,0.0427,0.05,No Significant Movement.,0.0,33.47,2025-03-23 13:00:02
-0.0227,0.0103,0.0464,0.05,No Significant Movement.,0.0,33.38,2025-03-23 13:00:05
-0.0268,0.009,0.0308,0.04,No Significant Movement.,0.0,33.42,2025-03-23 13:00:07
-0.0292,0.0044,0.0398,0.05,No Significant Movement.,0.0,33.42,2025-03-23 13:00:09
-0.0214,0.0105,0.0439,0.05,No Significant Movement.,0.0,33.52,2025-03-23 13:00:11
-0.0229,0.0112,0.0405,0.05,No Significant Movement.,0.0,33.42,2025-03-23 13:00:16
-0.0246,0.0115,0.0386,0.05,No Significant Movement.,0.0,33.38,2025-03-23 13:00:19
-0.0312,0.0073,0.0376,0.05,No Significant Movement.,0.0,33.57,2025-03-23 13:00:21
-0.0202,0.0073,0.0437,0.05,No Significant Movement.,0.0,33.42,2025-03-23 13:00:23
-0.0283,0.0068,0.0444,0.05,No Significant Movement.,0.0,33.57,2025-03-23 13:00:26
-0.0273,0.0127,0.0464,0.06,No Significant Movement.,0.0,33.57,2025-03-23 13:00:28
-0.0244,0.0064,0.042,0.05,No Significant Movement.,0.0,33.47,2025-03-23 13:00:30
-0.0253,0.0054,0.0361,0.04,No Significant Movement.,0.0,33.47,2025-03-23 13:00:33
-0.0297,0.0164,0.0322,0.05,No Significant Movement.,0.0,33.42,2025-03-23 13:00:35
-0.0275,0.0095,0.0466,0.05,No Significant Movement.,0.0,33.42,2025-03-23 13:00:37
-0.0217,0.0191,0.0312,0.04,No Significant Movement.,0.0,33.52,2025-03-23 13:00:40
-0.0253,0.0108,0.0432,0.05,No Significant Movement.,0.0,33.47,2025-03-23 13:00:42
-0.0307,0.0115,0.0447,0.06,No Significant Movement.,0.0,33.47,2025-03-23 13:00:44
-0.0261,0.0147,0.04,0.05,No Significant Movement.,0.0,33.42,2025-03-23 13:00:47
-0.0288,0.0049,0.0517,0.06,No Significant Movement.,0.0,33.42,2025-03-23 13:00:49
-0.031,0.0103,0.0388,0.05,No Significant Movement.,0.0,33.52,2025-03-23 13:00:51
-0.0285,0.01,0.0505,0.06,No Significant Movement.,0.0,33.47,2025-03-23 13:00:53
-0.0188,0.0054,0.0439,0.05,No Significant Movement.,0.0,33.47,2025-03-23 13:00:56
-0.028,0.0103,0.0376,0.05,No Significant Movement.,0.0,33.57,2025-03-23 13:00:58
-0.0263,0.0139,0.0395,0.05,No Significant Movement.,0.0,33.47,2025-03-23 13:01:01
-0.0268,0.0059,0.0527,0.06,No Significant Movement.,0.0,33.52,2025-03-23 13:01:03
-0.0266,0.0115,0.0415,0.05,No Significant Movement.,0.0,33.47,2025-03-23 13:01:06
-0.0231,0.0098,0.0393,0.05,No Significant Movement.,0.0,33.52,2025-03-23 13:01:08
-0.0261,0.0017,0.0366,0.04,No Significant Movement.,0.0,33.47,2025-03-23 13:01:10
-0.0327,0.0227,0.0373,0.05,No Significant Movement.,0.0,33.52,2025-03-23 13:01:13
-0.0319,0.0137,0.0456,0.06,No Significant Movement.,0.0,33.47,2025-03-23 13:01:15
-0.0295,0.0086,0.0488,0.06,No Significant Movement.,0.0,33.52,2025-03-23 13:01:18
-0.0258,0.0005,0.0417,0.05,No Significant Movement.,0.0,33.42,2025-03-23 13:01:20
-0.0334,0.0025,0.0405,0.05,No Significant Movement.,0.0,33.52,2025-03-23 13:01:22
-0.0129,0.0095,0.0483,0.05,No Significant Movement.,0.0,33.52,2025-03-23 13:01:26
-0.028,0.0117,0.0447,0.05,No Significant Movement.,0.0,33.52,2025-03-23 13:01:28
-0.0258,0.0056,0.0513,0.06,No Significant Movement.,0.0,33.52,2025-03-23 13:01:30
-0.0266,0.0,0.0427,0.05,No Significant Movement.,0.0,33.47,2025-03-23 13:01:32
-0.0383,0.0178,0.0549,0.07,No Significant Movement.,0.0,33.42,2025-03-23 13:01:35
-0.0278,0.0073,0.0508,0.06,No Significant Movement.,0.0,33.52,2025-03-23 13:01:37
-0.0297,0.0139,0.0422,0.05,No Significant Movement.,0.0,33.52,2025-03-23 13:01:40
-0.0275,0.0115,0.0339,0.05,No Significant Movement.,0.0,33.52,2025-03-23 13:01:42
-0.0222,0.0086,0.041,0.05,No Significant Movement.,0.0,33.42,2025-03-23 13:01:45
-0.029,0.009,0.0373,0.05,No Significant Movement.,0.0,33.57,2025-03-23 13:01:47
-0.0244,0.0073,0.0417,0.05,No Significant Movement.,0.0,33.42,2025-03-23 13:01:50
-0.0227,0.0064,0.0395,0.05,No Significant Movement.,0.0,33.38,2025-03-23 13:01:52
-0.0234,0.0137,0.04,0.05,No Significant Movement.,0.0,33.47,2025-03-23 13:01:54
-0.0227,0.0156,0.0395,0.05,No Significant Movement.,0.0,33.42,2025-03-23 13:01:57
-0.0266,0.0139,0.04,0.05,No Significant Movement.,0.0,33.42,2025-03-23 13:01:59
-0.027,0.0047,0.0481,0.06,No Significant Movement.,0.0,33.38,2025-03-23 13:02:01
-0.0268,0.0051,0.0415,0.05,No Significant Movement.,0.0,33.33,2025-03-23 13:02:04
-0.0188,0.0129,0.0422,0.05,No Significant Movement.,0.0,33.38,2025-03-23 13:02:06
-0.027,0.0129,0.0369,0.05,No Significant Movement.,0.0,33.38,2025-03-23 13:02:08
-0.0219,0.0112,0.04,0.05,No Significant Movement.,0.0,33.38,2025-03-23 13:02:11
-0.0283,0.0117,0.0434,0.05,No Significant Movement.,0.0,33.42,2025-03-23 13:02:13
-0.0253,0.0059,0.042,0.05,No Significant Movement.,0.0,33.38,2025-03-23 13:02:15
-0.0246,0.0025,0.0454,0.05,No Significant Movement.,0.0,33.42,2025-03-23 13:02:18
-0.0336,0.0083,0.0469,0.06,No Significant Movement.,0.0,33.42,2025-03-23 13:02:20
-0.0246,0.0059,0.0486,0.05,No Significant Movement.,0.0,33.47,2025-03-23 13:02:23
-0.0275,0.0161,0.0483,0.06,No Significant Movement.,0.0,33.38,2025-03-23 13:02:25
-0.02,0.0103,0.0415,0.05,No Significant Movement.,0.0,33.52,2025-03-23 13:02:28
-0.0273,0.0032,0.0442,0.05,No Significant Movement.,0.0,33.42,2025-03-23 13:02:30
-0.0319,0.0049,0.0527,0.06,No Significant Movement.,0.0,33.42,2025-03-23 13:02:33
-0.03,0.0098,0.0351,0.05,No Significant Movement.,0.0,33.47,2025-03-23 13:02:35
-0.0222,0.0137,0.0412,0.05,No Significant Movement.,0.0,33.52,2025-03-23 13:02:38
-0.0302,0.0086,0.0359,0.05,No Significant Movement.,0.0,33.47,2025-03-23 13:02:40
-0.0244,0.0098,0.0539,0.06,No Significant Movement.,0.0,33.47,2025-03-23 13:02:42
-0.0275,0.0095,0.0354,0.05,No Significant Movement.,0.0,33.33,2025-03-23 13:02:45
-0.0249,0.0088,0.0405,0.05,No Significant Movement.,0.0,33.38,2025-03-23 13:02:47
-0.0285,0.0171,0.0378,0.05,No Significant Movement.,0.0,33.42,2025-03-23 13:02:50
-0.0305,0.0132,0.0508,0.06,No Significant Movement.,0.0,33.38,2025-03-23 13:02:52
-0.0207,0.01,0.0417,0.05,No Significant Movement.,0.0,33.47,2025-03-23 13:02:55
-0.028,0.0129,0.0517,0.06,No Significant Movement.,0.0,33.52,2025-03-23 13:02:57
-0.0263,0.0117,0.0373,0.05,No Significant Movement.,0.0,33.47,2025-03-23 13:03:00
-0.0222,0.0088,0.0395,0.05,No Significant Movement.,0.0,33.47,2025-03-23 13:03:02
-0.0224,0.0054,0.039,0.05,No Significant Movement.,0.0,33.42,2025-03-23 13:03:05
-0.0244,0.0081,0.0356,0.04,No Significant Movement.,0.0,33.38,2025-03-23 13:03:07
-0.0241,0.0169,0.0442,0.05,No Significant Movement.,0.0,33.42,2025-03-23 13:03:09
-0.0305,0.0122,0.0359,0.05,No Significant Movement.,0.0,33.47,2025-03-23 13:03:12
-0.0268,0.0149,0.0408,0.05,No Significant Movement.,0.0,33.47,2025-03-23 13:03:14
-0.0266,0.0154,0.0412,0.05,No Significant Movement.,0.0,33.38,2025-03-23 13:03:17
-0.0266,0.0115,0.0471,0.06,No Significant Movement.,0.0,33.47,2025-03-23 13:03:19
-0.0244,0.009,0.0517,0.06,No Significant Movement.,0.0,33.47,2025-03-23 13:03:22
-0.0275,0.0137,0.0461,0.06,No Significant Movement.,0.0,33.52,2025-03-23 13:03:24
-0.0234,0.0129,0.042,0.05,No Significant Movement.,0.0,33.42,2025-03-23 13:03:27
-0.0305,0.0083,0.043,0.05,No Significant Movement.,0.0,33.52,2025-03-23 13:03:29
-0.029,0.0127,0.0449,0.05,No Significant Movement.,0.0,33.47,2025-03-23 13:03:31
-0.0234,0.0068,0.0371,0.04,No Significant Movement.,0.0,33.42,2025-03-23 13:03:34
-0.0275,0.0105,0.05,0.06,No Significant Movement.,0.0,33.47,2025-03-23 13:03:36
-0.0197,0.0115,0.0491,0.05,No Significant Movement.,0.0,33.38,2025-03-23 13:03:39
-0.0263,0.0056,0.0461,0.05,No Significant Movement.,0.0,33.47,2025-03-23 13:03:42
-0.0192,0.0086,0.039,0.04,No Significant Movement.,0.0,33.52,2025-03-23 13:03:44
-0.0246,0.0086,0.0398,0.05,No Significant Movement.,0.0,33.47,2025-03-23 13:03:47
-0.0285,0.01,0.0422,0.05,No Significant Movement.,0.0,33.42,2025-03-23 13:03:49
-0.028,0.011,0.0471,0.06,No Significant Movement.,0.0,33.47,2025-03-23 13:03:51
-0.0263,0.011,0.0395,0.05,No Significant Movement.,0.0,33.47,2025-03-23 13:03:54
-0.0241,0.0047,0.0403,0.05,No Significant Movement.,0.0,33.42,2025-03-23 13:03:56
-0.0239,0.0176,0.0442,0.05,No Significant Movement.,0.0,33.57,2025-03-23 13:03:59
-0.0341,0.0108,0.0444,0.06,No Significant Movement.,0.0,33.42,2025-03-23 13:04:01
-0.0268,0.0142,0.0408,0.05,No Significant Movement.,0.0,33.38,2025-03-23 13:04:03
-0.0222,0.0139,0.0403,0.05,No Significant Movement.,0.0,33.38,2025-03-23 13:04:06
-0.0268,0.0244,0.0388,0.05,No Significant Movement.,0.0,33.42,2025-03-23 13:04:08
-0.0283,0.0122,0.0364,0.05,No Significant Movement.,0.0,33.42,2025-03-23 13:04:11
-0.0246,0.011,0.0452,0.05,No Significant Movement.,0.0,33.47,2025-03-23 13:04:13
-0.0263,0.0156,0.0505,0.06,No Significant Movement.,0.0,33.42,2025-03-23 13:04:16
-0.0251,0.0103,0.0373,0.05,No Significant Movement.,0.0,33.42,2025-03-23 13:04:18
-0.0292,0.009,0.0349,0.05,No Significant Movement.,0.0,33.57,2025-03-23 13:04:20
-0.0297,0.0183,0.0478,0.06,No Significant Movement.,0.0,33.57,2025-03-23 13:04:23
-0.02,0.0093,0.0388,0.04,No Significant Movement.,0.0,33.47,2025-03-23 13:04:26
-0.0251,0.0066,0.053,0.06,No Significant Movement.,0.0,33.42,2025-03-23 13:04:28
-0.0246,0.0088,0.041,0.05,No Significant Movement.,0.0,33.47,2025-03-23 13:04:30
-0.0263,0.0108,0.0464,0.05,No Significant Movement.,0.0,33.47,2025-03-23 13:04:33
-0.0219,0.0073,0.0378,0.04,No Significant Movement.,0.0,33.61,2025-03-23 13:04:35
-0.0261,0.0149,0.041,0.05,No Significant Movement.,0.0,33.57,2025-03-23 13:04:38
-0.0273,0.0054,0.0376,0.05,No Significant Movement.,0.0,33.57,2025-03-23 13:04:40
-0.0331,0.0125,0.0444,0.06,No Significant Movement.,0.0,33.52,2025-03-23 13:04:43
-0.0234,0.0034,0.0393,0.05,No Significant Movement.,0.0,33.57,2025-03-23 13:04:45
-0.0192,0.0032,0.0508,0.05,No Significant Movement.,0.0,33.47,2025-03-23 13:04:48
-0.0285,0.0105,0.0354,0.05,No Significant Movement.,0.0,33.57,2025-03-23 13:04:50
-0.0305,0.0078,0.0388,0.05,No Significant Movement.,0.0,33.52,2025-03-23 13:04:53
-0.0275,0.0125,0.0359,0.05,No Significant Movement.,0.0,33.52,2025-03-23 13:04:55
-0.0292,0.0042,0.0464,0.05,No Significant Movement.,0.0,33.52,2025-03-23 13:04:58
-0.02,0.0125,0.0383,0.04,No Significant Movement.,0.0,33.47,2025-03-23 13:05:00
-0.0241,0.0108,0.0427,0.05,No Significant Movement.,0.0,33.47,2025-03-23 13:05:03
-0.0288,0.0139,0.0381,0.05,No Significant Movement.,0.0,33.47,2025-03-23 13:05:05
-0.0676,0.0108,0.0495,0.08,No Significant Movement.,0.0,33.47,2025-03-23 13:05:07
-0.027,0.0093,0.0439,0.05,No Significant Movement.,0.0,33.42,2025-03-23 13:05:09
-0.0222,0.0083,0.0454,0.05,No Significant Movement.,0.0,33.52,2025-03-23 13:05:12
-0.0195,0.009,0.0361,0.04,No Significant Movement.,0.0,33.47,2025-03-23 13:05:14
-0.0356,0.0088,0.0449,0.06,No Significant Movement.,0.0,33.42,2025-03-23 13:05:17
-0.0263,0.0125,0.0464,0.05,No Significant Movement.,0.0,33.47,2025-03-23 13:05:19
-0.0258,0.0144,0.0452,0.05,No Significant Movement.,0.0,33.47,2025-03-23 13:05:21
-0.0258,0.0134,0.0427,0.05,No Significant Movement.,0.0,33.52,2025-03-23 13:05:23
-0.0268,0.0108,0.0393,0.05,No Significant Movement.,0.0,33.52,2025-03-23 13:05:26
-0.0197,-0.0083,0.05,0.05,No Significant Movement.,0.0,33.47,2025-03-23 13:05:28
-0.0322,0.0108,0.0378,0.05,No Significant Movement.,0.0,33.42,2025-03-23 13:05:30
-0.0256,0.0108,0.0464,0.05,No Significant Movement.,0.0,33.42,2025-03-23 13:05:33
-0.0263,0.009,0.0422,0.05,No Significant Movement.,0.0,33.47,2025-03-23 13:05:35
-0.0251,0.0122,0.052,0.06,No Significant Movement.,0.0,33.47,2025-03-23 13:05:38
-0.0292,0.0132,0.0486,0.06,No Significant Movement.,0.0,33.47,2025-03-23 13:05:41
-0.0246,0.0076,0.0383,0.05,No Significant Movement.,0.0,33.42,2025-03-23 13:05:43
-0.0234,0.0093,0.0347,0.04,No Significant Movement.,0.0,33.42,2025-03-23 13:05:45
-0.0251,0.0095,0.0464,0.05,No Significant Movement.,0.0,33.47,2025-03-23 13:05:48
-0.0234,0.0103,0.0434,0.05,No Significant Movement.,0.0,33.42,2025-03-23 13:05:50
-0.0285,0.01,0.0439,0.05,No Significant Movement.,0.0,33.47,2025-03-23 13:05:53
-0.0256,0.0105,0.0422,0.05,No Significant Movement.,0.0,33.47,2025-03-23 13:05:55
-0.029,0.0134,0.04,0.05,No Significant Movement.,0.0,33.47,2025-03-23 13:05:58
-0.0209,0.0151,0.0422,0.05,No Significant Movement.,0.0,33.38,2025-03-23 13:06:01
-0.0283,0.0122,0.0427,0.05,No Significant Movement.,0.0,33.57,2025-03-23 13:06:03
-0.0307,0.011,0.0493,0.06,No Significant Movement.,0.0,33.42,2025-03-23 13:06:05
-0.0285,0.0059,0.0395,0.05,No Significant Movement.,0.0,33.33,2025-03-23 13:06:08
-0.0253,0.0034,0.0388,0.05,No Significant Movement.,0.0,33.47,2025-03-23 13:06:11
-0.0273,0.0117,0.0547,0.06,No Significant Movement.,0.0,33.42,2025-03-23 13:06:13
-0.0258,0.0076,0.042,0.05,No Significant Movement.,0.0,33.42,2025-03-23 13:06:15
-0.03,0.0129,0.043,0.05,No Significant Movement.,0.0,33.47,2025-03-23 13:06:17
-0.0273,0.0117,0.0422,0.05,No Significant Movement.,0.0,33.42,2025-03-23 13:06:20
-0.0209,0.0144,0.0408,0.05,No Significant Movement.,0.0,33.38,2025-03-23 13:06:23
-0.0214,0.011,0.0459,0.05,No Significant Movement.,0.0,33.42,2025-03-23 13:06:25
-0.0209,0.0093,0.0417,0.05,No Significant Movement.,0.0,33.28,2025-03-23 13:06:27
-0.0241,0.0086,0.05,0.06,No Significant Movement.,0.0,33.33,2025-03-23 13:06:30
-0.0234,0.0073,0.0495,0.06,No Significant Movement.,0.0,33.33,2025-03-23 13:06:32
-0.0258,0.01,0.0403,0.05,No Significant Movement.,0.0,33.33,2025-03-23 13:06:35
-0.0366,0.0105,0.0439,0.06,No Significant Movement.,0.0,33.38,2025-03-23 13:06:37
-0.0253,0.0095,0.0515,0.06,No Significant Movement.,0.0,33.24,2025-03-23 13:06:40
-0.0244,0.0117,0.0452,0.05,No Significant Movement.,0.0,33.28,2025-03-23 13:06:42
-0.0229,0.0032,0.041,0.05,No Significant Movement.,0.0,33.24,2025-03-23 13:06:45
-0.0295,0.0027,0.0473,0.06,No Significant Movement.,0.0,33.28,2025-03-23 13:06:47
-0.0285,0.0064,0.041,0.05,No Significant Movement.,0.0,33.33,2025-03-23 13:06:49
-0.018,0.0088,0.0464,0.05,No Significant Movement.,0.0,33.0,2025-03-23 18:15:59
-0.0273,0.0042,0.0444,0.05,No Significant Movement.,0.0,32.95,2025-03-23 18:16:01
-0.0224,0.0073,0.0378,0.04,No Significant Movement.,0.0,32.95,2025-03-23 18:16:04
-0.0283,0.0083,0.0498,0.06,No Significant Movement.,0.0,32.86,2025-03-23 18:16:06
-0.0268,0.0112,0.0437,0.05,No Significant Movement.,0.0,32.91,2025-03-23 18:16:08
-0.0263,0.0129,0.0373,0.05,No Significant Movement.,0.0,33.0,2025-03-23 18:16:11
-0.0263,0.0117,0.0488,0.06,No Significant Movement.,0.0,32.95,2025-03-23 18:16:13
-0.0207,0.0098,0.0471,0.05,No Significant Movement.,0.0,33.09,2025-03-23 18:16:15
-0.0219,0.0093,0.0454,0.05,No Significant Movement.,0.0,33.0,2025-03-23 18:16:17
-0.0295,0.0115,0.0356,0.05,No Significant Movement.,0.0,33.05,2025-03-23 18:16:20
-0.0312,0.0144,0.051,0.06,No Significant Movement.,0.0,33.05,2025-03-23 18:16:22
-0.0227,0.0105,0.0456,0.05,No Significant Movement.,0.0,33.05,2025-03-23 18:16:24
-0.0229,0.0112,0.0444,0.05,No Significant Movement.,0.0,32.91,2025-03-23 18:16:27
-0.0246,0.0149,0.0405,0.05,No Significant Movement.,0.0,32.95,2025-03-23 18:16:29
-0.019,0.0115,0.0439,0.05,No Significant Movement.,0.0,33.09,2025-03-23 18:16:31
-0.0283,0.012,0.04,0.05,No Significant Movement.,0.0,33.0,2025-03-23 18:16:34
-0.0251,0.0129,0.0469,0.05,No Significant Movement.,0.0,33.05,2025-03-23 18:16:36
-0.0302,0.0059,0.04,0.05,No Significant Movement.,0.0,33.05,2025-03-23 18:16:39
-0.0312,0.0144,0.0549,0.06,No Significant Movement.,0.0,33.05,2025-03-23 18:16:41
-0.028,0.0093,0.043,0.05,No Significant Movement.,0.0,33.05,2025-03-23 18:16:43
-0.0234,0.0108,0.0332,0.04,No Significant Movement.,0.0,33.14,2025-03-23 18:16:45
-0.0578,0.0483,0.1401,0.16,,0.0,31.59,2025-03-26 10:59:59
-0.0444,0.042,0.1103,0.13,,0.0,31.73,2025-03-26 11:00:01
-0.0519,0.0596,0.1494,0.17,,0.0,31.64,2025-03-26 11:00:03
-0.0185,0.0256,0.2082,0.21,Mild Tremor Detected,0.0,31.59,2025-03-26 11:00:11
-0.0366,0.0334,0.1437,0.15,,0.0,31.68,2025-03-26 11:00:13
-0.0393,0.0359,0.1272,0.14,,0.0,31.59,2025-03-26 11:00:15
-0.0356,0.0169,0.1132,0.12,,0.0,31.64,2025-03-26 11:00:18
-0.0361,0.023,0.114,0.12,,0.0,31.73,2025-03-26 11:00:20
-0.0312,0.0469,0.1228,0.14,,0.0,31.59,2025-03-26 11:00:22
-0.0488,0.061,0.1477,0.17,,0.0,31.68,2025-03-26 11:00:24
-0.0229,0.0156,0.1198,0.12,,0.0,31.68,2025-03-26 11:00:27
-0.0358,0.0317,0.1115,0.12,,0.0,31.68,2025-03-26 11:00:29
-0.0385,0.0715,0.1281,0.15,,0.0,31.64,2025-03-26 11:00:31
-0.0537,0.0769,0.1345,0.16,,0.0,31.73,2025-03-26 11:00:33
-0.0441,0.0317,0.1347,0.15,,0.0,31.64,2025-03-26 11:00:36
-0.0449,0.0625,0.1357,0.16,,0.0,31.68,2025-03-26 11:00:38
-0.0424,0.0674,0.1254,0.15,,0.0,31.64,2025-03-26 11:00:40
-0.0454,0.0906,0.1379,0.17,,0.0,31.64,2025-03-26 11:00:42
-0.0846,0.1345,0.0661,0.17,,0.0,31.64,2025-03-26 11:00:45
-0.0449,0.0925,0.1401,0.17,,0.0,31.73,2025-03-26 11:00:47
-0.0576,0.113,0.1743,0.22,Mild Tremor Detected,0.0,31.68,2025-03-26 11:00:54
-0.0483,0.0867,0.1523,0.18,,0.0,31.59,2025-03-26 11:00:57
-0.0524,0.0979,0.1467,0.18,,0.0,31.64,2025-03-26 11:00:59
-0.0588,0.124,0.1254,0.19,,0.0,31.73,2025-03-26 11:01:01
-0.041,0.0937,0.1445,0.18,,0.0,31.68,2025-03-26 11:01:04
-0.05,0.0957,0.1413,0.18,,0.0,31.73,2025-03-26 11:01:06
-0.0605,0.1098,0.2589,0.29,Mild Tremor Detected,0.0,31.64,2025-03-26 11:01:13
-0.0422,0.0891,0.1408,0.17,,0.0,31.78,2025-03-26 11:01:15
-0.0805,0.1396,0.1389,0.21,Mild Tremor Detected,0.0,31.68,2025-03-26 11:01:23
-0.0549,0.1216,0.1603,0.21,Mild Tremor Detected,0.0,31.64,2025-03-26 11:01:30
-0.0546,0.1633,0.1516,0.23,Mild Tremor Detected,0.0,31.59,2025-03-26 11:01:38
-0.0595,0.1162,0.1489,0.2,,0.0,31.59,2025-03-26 11:01:40
-0.0641,0.1682,0.1491,0.23,Mild Tremor Detected,0.0,31.73,2025-03-26 11:01:47
-0.0627,0.1369,0.1567,0.22,Mild Tremor Detected,0.0,31.64,2025-03-26 11:01:55
-0.0588,0.133,0.1638,0.22,Mild Tremor Detected,0.0,31.73,2025-03-26 11:02:02
-0.0583,0.1381,0.1589,0.22,Mild Tremor Detected,0.0,31.78,2025-03-26 11:02:10
-0.1398,0.2409,0.2304,0.36,Mild Tremor Detected,0.0,31.73,2025-03-26 11:02:17
-0.0576,0.1413,0.1538,0.22,Mild Tremor Detected,0.0,31.73,2025-03-26 11:02:25
-0.0617,0.1608,0.1577,0.23,Mild Tremor Detected,0.0,31.73,2025-03-26 11:02:32
-0.0539,0.0735,0.0703,0.12,,0.0,31.73,2025-03-26 11:02:34
-0.0351,0.0454,0.0671,0.09,,0.0,31.73,2025-03-26 11:02:36
-0.0461,0.063,0.0769,0.11,,0.0,31.68,2025-03-26 11:02:39
-0.0366,0.0686,0.0608,0.1,,0.0,31.64,2025-03-26 11:02:41
-0.81,-0.5,0.57,0.08,No Alert,216.0,37.0,2025-03-26 11:04:33
0.72,-0.16,0.2,0.42,No Alert,48.0,39.0,2025-03-26 11:04:35
-0.82,0.78,0.56,1.69,Severe Earthquake!,207.0,30.0,2025-03-26 11:04:37
0.65,0.9,0.79,1.05,Moderate Earthquake,140.0,26.0,2025-03-26 11:04:39
-0.01,-0.36,0.17,0.8,Moderate Earthquake,184.0,37.0,2025-03-26 11:04:42
-0.35,0.73,-0.07,1.94,Severe Earthquake!,138.0,29.0,2025-03-26 11:04:44
0.43,0.22,-0.21,0.78,Moderate Earthquake,265.0,33.0,2025-03-26 11:04:46
-0.49,-0.88,0.63,0.76,Moderate Earthquake,127.0,35.0,2025-03-26 11:04:48
0.03,0.79,0.69,1.44,Moderate Earthquake,145.0,28.0,2025-03-26 11:04:51
0.31,0.44,-0.19,0.37,No Alert,264.0,31.0,2025-03-26 11:04:53
0.31,0.15,-0.99,0.66,Moderate Earthquake,98.0,29.0,2025-03-26 11:04:55
0.4,0.69,-0.49,1.68,Severe Earthquake!,80.0,32.0,2025-03-26 11:04:57
0.49,0.82,-0.93,1.21,Moderate Earthquake,251.0,20.0,2025-03-26 11:05:00
-0.9,-0.98,-0.01,0.82,Moderate Earthquake,200.0,28.0,2025-03-26 11:05:02
0.54,0.5,0.24,1.61,Severe Earthquake!,88.0,32.0,2025-03-26 11:05:04
0.78,0.98,-0.14,0.93,Moderate Earthquake,21.0,21.0,2025-03-26 11:05:06
0.02,-0.18,0.46,1.02,Moderate Earthquake,289.0,32.0,2025-03-26 11:05:09
0.74,0.71,0.18,0.63,Moderate Earthquake,85.0,21.0,2025-03-26 11:05:11
-0.72,0.72,-0.01,1.35,Moderate Earthquake,42.0,34.0,2025-03-26 11:05:13
-0.16,0.29,-0.38,1.32,Moderate Earthquake,79.0,35.0,2025-03-26 11:05:15
0.72,-0.66,-0.99,1.93,Severe Earthquake!,56.0,22.0,2025-03-26 11:05:18
-0.42,0.97,-0.95,0.0,No Alert,133.0,32.0,2025-03-26 11:05:20
0.94,-0.53,-0.3,1.37,Moderate Earthquake,24.0,33.0,2025-03-26 11:05:22
0.43,0.69,0.16,1.5,Moderate Earthquake,22.0,35.0,2025-03-26 11:05:24
-0.95,0.98,0.2,0.67,Moderate Earthquake,169.0,28.0,2025-03-26 11:05:27
0.9,0.66,0.43,1.32,Moderate Earthquake,41.0,36.0,2025-03-26 11:05:29
-0.0441,0.1128,0.113,0.17,,0.0,31.31,2025-03-26 11:05:30
0.13,0.95,0.87,0.81,Moderate Earthquake,287.0,28.0,2025-03-26 11:05:31
-0.0473,0.1076,0.1079,0.16,,0.0,31.4,2025-03-26 11:05:32
-0.88,-0.55,-0.3,0.45,No Alert,263.0,32.0,2025-03-26 11:05:33
-0.0622,0.1211,0.1286,0.19,,0.0,31.45,2025-03-26 11:05:35
0.06,-0.73,-0.52,1.98,Severe Earthquake!,112.0,29.0,2025-03-26 11:05:36
-0.0583,0.1391,0.1254,0.2,,0.0,31.4,2025-03-26 11:05:37
-0.81,-0.83,0.83,1.66,Severe Earthquake!,125.0,31.0,2025-03-26 11:05:38
-0.0485,0.124,0.1145,0.18,,0.0,31.49,2025-03-26 11:05:39
0.56,-0.5,0.0,1.27,Moderate Earthquake,202.0,34.0,2025-03-26 11:05:40
-0.0524,0.1228,0.111,0.17,,0.0,31.59,2025-03-26 11:05:42
-0.08,-0.28,-0.23,0.05,No Alert,166.0,20.0,2025-03-26 11:05:42
-0.0598,0.1208,0.1096,0.17,,0.0,31.54,2025-03-26 11:05:44
0.34,-0.88,-0.72,1.83,Severe Earthquake!,201.0,39.0,2025-03-26 11:05:44
-0.0346,0.1174,0.1257,0.18,,0.0,31.54,2025-03-26 11:05:46
0.88,-0.45,0.58,1.09,Moderate Earthquake,126.0,39.0,2025-03-26 11:05:47
-0.0519,0.1318,0.1059,0.18,,0.0,31.54,2025-03-26 11:05:49
0.42,-0.72,-0.37,1.05,Moderate Earthquake,194.0,29.0,2025-03-26 11:05:49
-0.0893,0.1081,0.0786,0.16,,0.0,31.64,2025-03-26 11:05:51
-0.44,0.0,-0.35,1.95,Severe Earthquake!,173.0,38.0,2025-03-26 11:05:51
-0.04,0.44,-0.08,1.12,Moderate Earthquake,78.0,36.0,2025-03-26 11:05:54
-0.3,0.17,-0.42,1.95,Severe Earthquake!,41.0,30.0,2025-03-26 11:05:56
0.82,-0.6,-0.92,1.26,Moderate Earthquake,262.0,21.0,2025-03-26 11:05:58
0.21,-0.24,-0.73,0.44,No Alert,263.0,39.0,2025-03-26 11:06:00
0.65,0.68,0.46,1.33,Moderate Earthquake,173.0,26.0,2025-03-26 11:06:03
-0.04,0.52,0.39,1.86,Severe Earthquake!,11.0,35.0,2025-03-26 11:06:05
0.73,0.86,0.32,0.98,Moderate Earthquake,119.0,20.0,2025-03-26 11:06:07
0.3,0.95,0.04,1.89,Severe Earthquake!,232.0,25.0,2025-03-26 11:06:09
-0.0422,0.0918,0.0984,0.14,,0.0,31.78,2025-03-26 11:06:10
-0.91,0.97,0.16,1.45,Moderate Earthquake,76.0,26.0,2025-03-26 11:06:12
-0.0341,0.073,0.123,0.15,,0.0,31.73,2025-03-26 11:06:12
0.78,0.66,-0.2,1.51,Severe Earthquake!,280.0,38.0,2025-03-26 11:06:14
-0.0434,0.0903,0.0896,0.13,,0.0,31.64,2025-03-26 11:06:14
0.07,-0.86,0.67,1.26,Moderate Earthquake,122.0,32.0,2025-03-26 11:06:16
-0.029,0.062,0.0849,0.11,,0.0,31.78,2025-03-26 11:06:17
-0.35,0.94,0.19,1.93,Severe Earthquake!,77.0,20.0,2025-03-26 11:06:18
-0.0515,0.0488,0.1062,0.13,,0.0,31.78,2025-03-26 11:06:19
0.67,0.02,-0.47,0.33,No Alert,44.0,22.0,2025-03-26 11:06:21
-0.0419,0.061,0.1037,0.13,,0.0,31.82,2025-03-26 11:06:21
-0.62,0.37,0.67,1.82,Severe Earthquake!,108.0,30.0,2025-03-26 11:06:23
-0.041,0.0657,0.1013,0.13,,0.0,31.68,2025-03-26 11:06:23
-0.68,0.84,-0.32,0.89,Moderate Earthquake,25.0,37.0,2025-03-26 11:06:25
-0.0353,0.0742,0.0835,0.12,,0.0,31.73,2025-03-26 11:06:26
-0.62,0.93,0.08,1.5,Moderate Earthquake,190.0,22.0,2025-03-26 11:06:28
-0.0244,0.0376,0.0962,0.11,,0.0,31.73,2025-03-26 11:06:28
-0.24,0.22,-0.9,1.75,Severe Earthquake!,70.0,38.0,2025-03-26 11:06:30
-0.93,-0.62,0.43,0.77,Moderate Earthquake,195.0,28.0,2025-03-26 11:06:32
-0.62,0.79,-0.89,0.87,Moderate Earthquake,119.0,37.0,2025-03-26 11:06:34
0.26,0.61,-0.11,1.25,Moderate Earthquake,18.0,24.0,2025-03-26 11:06:36
-0.09,0.89,0.4,1.05,Moderate Earthquake,272.0,37.0,2025-03-26 11:06:39
-0.7,0.52,-0.6,1.57,Severe Earthquake!,282.0,35.0,2025-03-26 11:06:41
-0.42,-0.86,-0.9,1.34,Moderate Earthquake,176.0,20.0,2025-03-26 11:06:43
-0.52,0.13,0.58,1.23,Moderate Earthquake,93.0,30.0,2025-03-26 11:06:45
-0.25,-0.17,0.97,1.82,Severe Earthquake!,232.0,21.0,2025-03-26 11:06:48
-0.17,-0.42,-0.36,1.02,Moderate Earthquake,0.0,29.0,2025-03-26 11:06:50
-0.4,-0.03,0.91,1.27,Moderate Earthquake,263.0,36.0,2025-03-26 11:06:52
0.56,-0.22,-0.39,0.86,Moderate Earthquake,46.0,20.0,2025-03-26 11:06:54
0.11,-0.63,-0.63,1.01,Moderate Earthquake,215.0,25.0,2025-03-26 11:06:57
-0.96,-0.04,-0.95,0.07,No Alert,114.0,30.0,2025-03-26 11:06:59
0.68,-0.12,-0.73,0.61,Moderate Earthquake,49.0,33.0,2025-03-26 11:07:01
-0.61,-0.13,-0.44,0.1,No Alert,150.0,21.0,2025-03-26 11:07:04
-0.37,0.24,-0.09,0.61,Moderate Earthquake,292.0,38.0,2025-03-26 11:07:06
-0.68,-0.16,-0.2,1.47,Moderate Earthquake,64.0,38.0,2025-03-26 11:07:08
-0.41,0.03,-0.31,1.98,Severe Earthquake!,65.0,20.0,2025-03-26 11:07:10
-0.17,0.51,-0.61,0.45,No Alert,35.0,28.0,2025-03-26 11:07:13
0.55,0.41,-0.03,1.14,Moderate Earthquake,48.0,38.0,2025-03-26 11:07:15
0.87,0.77,0.93,1.28,Moderate Earthquake,38.0,25.0,2025-03-26 11:07:17
0.33,-0.91,-0.54,1.2,Moderate Earthquake,195.0,27.0,2025-03-26 11:07:19
0.16,0.42,-0.13,0.71,Moderate Earthquake,113.0,32.0,2025-03-26 11:07:21
0.71,-0.77,0.68,1.78,Severe Earthquake!,154.0,29.0,2025-03-26 11:07:24
-0.46,0.24,-0.91,1.17,Moderate Earthquake,214.0,22.0,2025-03-26 11:07:26
0.74,-0.77,0.07,1.64,Severe Earthquake!,79.0,24.0,2025-03-26 11:07:28
-0.91,-0.88,0.92,0.99,Moderate Earthquake,32.0,31.0,2025-03-26 11:07:30
-0.16,-0.99,0.6,1.07,Moderate Earthquake,245.0,23.0,2025-03-26 11:07:32
-0.97,-0.92,0.98,1.63,Severe Earthquake!,99.0,39.0,2025-03-26 11:07:35
-0.5,0.5,-0.29,0.12,No Alert,222.0,26.0,2025-03-26 11:07:37
0.18,-0.34,0.88,0.11,No Alert,120.0,27.0,2025-03-26 11:07:39
0.85,0.95,-0.78,0.6,Moderate Earthquake,13.0,27.0,2025-03-26 11:07:42
0.6,0.1,0.08,0.32,No Alert,292.0,21.0,2025-03-26 11:07:44
-0.67,-0.98,-0.04,0.97,Moderate Earthquake,224.0,22.0,2025-03-26 11:07:46
0.34,0.34,0.14,0.89,Moderate Earthquake,268.0,29.0,2025-03-26 11:07:48
-0.56,0.05,-0.9,0.83,Moderate Earthquake,298.0,23.0,2025-03-26 11:07:51
-0.32,-0.88,0.49,0.21,No Alert,195.0,29.0,2025-03-26 11:07:53
0.89,0.42,-0.41,0.81,Moderate Earthquake,101.0,21.0,2025-03-26 11:07:55
0.77,-0.75,-0.12,1.36,Moderate Earthquake,290.0,38.0,2025-03-26 11:08:00
0.57,0.35,-0.52,1.41,Moderate Earthquake,89.0,30.0,2025-03-26 11:08:03
0.28,0.54,-0.59,1.78,Severe Earthquake!,186.0,23.0,2025-03-26 11:08:05
-0.47,0.36,-0.88,1.13,Moderate Earthquake,250.0,29.0,2025-03-26 11:08:07
-0.15,-0.01,0.09,0.52,Moderate Earthquake,264.0,24.0,2025-03-26 11:08:09
0.76,-0.25,-0.38,0.73,Moderate Earthquake,198.0,26.0,2025-03-26 11:08:12
0.66,-0.26,0.0,0.18,No Alert,96.0,34.0,2025-03-26 11:08:14
0.04,0.28,0.53,0.67,Moderate Earthquake,78.0,30.0,2025-03-26 11:08:16
-0.61,-0.61,-0.37,0.21,No Alert,123.0,36.0,2025-03-26 11:08:18
-0.79,0.46,0.46,0.46,No Alert,38.0,20.0,2025-03-26 11:08:21
-0.78,-0.94,0.14,1.24,Moderate Earthquake,169.0,37.0,2025-03-26 11:08:23
0.13,0.42,-0.64,0.14,No Alert,40.0,34.0,2025-03-26 11:08:25
-0.64,0.45,-0.2,1.29,Moderate Earthquake,145.0,25.0,2025-03-26 11:08:28
0.86,0.65,0.5,1.91,Severe Earthquake!,194.0,37.0,2025-03-26 11:08:30
0.92,0.82,-0.53,0.56,Moderate Earthquake,132.0,35.0,2025-03-26 11:08:32
-0.97,0.47,0.39,1.68,Severe Earthquake!,139.0,23.0,2025-03-26 11:08:34
0.94,-0.66,-0.48,1.5,Moderate Earthquake,134.0,26.0,2025-03-26 11:08:37
-0.17,0.7,-0.54,1.83,Severe Earthquake!,141.0,23.0,2025-03-26 11:08:39
0.76,-0.09,-0.84,1.25,Moderate Earthquake,194.0,27.0,2025-03-26 11:08:41
0.95,-0.23,0.53,1.33,Moderate Earthquake,273.0,29.0,2025-03-26 11:08:43
0.88,-0.99,-0.73,1.1,Moderate Earthquake,284.0,37.0,2025-03-26 11:08:46
-0.45,0.3,-0.12,1.22,Moderate Earthquake,8.0,23.0,2025-03-26 11:08:48
-0.71,-0.49,0.72,1.78,Severe Earthquake!,259.0,37.0,2025-03-26 11:08:50
0.82,-0.13,0.02,0.94,Moderate Earthquake,31.0,38.0,2025-03-26 11:08:52
-0.87,0.5,-0.56,1.04,Moderate Earthquake,248.0,22.0,2025-03-26 11:08:54
-0.36,-0.37,0.56,0.71,Moderate Earthquake,59.0,34.0,2025-03-26 11:08:57
-0.33,0.34,0.01,1.18,Moderate Earthquake,284.0,31.0,2025-03-26 11:08:59
-0.56,-0.16,-0.65,0.95,Moderate Earthquake,134.0,34.0,2025-03-26 11:09:01
-0.69,-0.53,0.33,0.35,No Alert,131.0,25.0,2025-03-26 11:09:06
-0.87,-0.2,-0.98,1.35,Moderate Earthquake,168.0,27.0,2025-03-26 11:09:08
-0.27,0.27,0.61,0.76,Moderate Earthquake,278.0,39.0,2025-03-26 11:09:11
-0.3,-0.95,0.18,1.96,Severe Earthquake!,134.0,31.0,2025-03-26 11:09:13
0.85,-0.88,-0.09,1.98,Severe Earthquake!,18.0,30.0,2025-03-26 11:09:15
0.45,0.39,0.23,1.69,Severe Earthquake!,253.0,23.0,2025-03-26 11:09:18
-0.63,-0.14,-0.92,1.02,Moderate Earthquake,164.0,30.0,2025-03-26 11:16:50
-0.99,0.09,-0.47,1.52,Severe Earthquake!,143.0,21.0,2025-03-26 11:16:52
0.67,-0.35,0.46,1.58,Severe Earthquake!,146.0,34.0,2025-03-26 11:16:55
0.9,-0.85,0.7,0.49,No Alert,5.0,22.0,2025-03-26 11:16:57
0.96,-0.49,-0.29,1.06,Moderate Earthquake,65.0,32.0,2025-03-26 11:17:00
0.65,0.55,-0.48,1.38,Moderate Earthquake,65.0,28.0,2025-03-26 11:17:02
-0.12,-0.22,0.28,0.01,No Alert,5.0,20.0,2025-03-26 11:17:05
-0.52,-0.73,-0.43,0.16,No Alert,137.0,34.0,2025-03-26 11:17:07
-0.03,0.94,0.36,0.49,No Alert,274.0,20.0,2025-03-26 11:17:10
-0.86,0.56,-0.7,1.65,Severe Earthquake!,33.0,26.0,2025-03-26 11:17:12
0.92,0.71,0.53,0.13,No Alert,158.0,35.0,2025-03-26 11:17:14
0.46,0.1,-0.11,0.73,Moderate Earthquake,198.0,36.0,2025-03-26 11:17:17
-0.69,-0.97,0.79,1.56,Severe Earthquake!,115.0,24.0,2025-03-26 11:17:19
-0.17,0.27,-0.6,1.48,Moderate Earthquake,216.0,20.0,2025-03-26 11:17:22
-0.98,-0.13,0.38,1.24,Moderate Earthquake,214.0,29.0,2025-03-26 11:17:24
-0.88,0.53,0.64,0.05,No Alert,5.0,36.0,2025-03-26 11:17:26
0.76,-0.35,0.73,0.76,Moderate Earthquake,23.0,33.0,2025-03-26 11:17:29
0.28,-0.13,-0.98,0.97,Moderate Earthquake,200.0,23.0,2025-03-26 11:17:31
0.54,0.64,0.95,0.58,Moderate Earthquake,124.0,32.0,2025-03-26 11:17:33
0.86,-0.44,0.4,1.4,Moderate Earthquake,118.0,32.0,2025-03-26 11:17:35
0.9,-0.19,-0.98,0.61,Moderate Earthquake,79.0,33.0,2025-03-26 11:17:38
0.85,0.54,-0.95,0.2,No Alert,123.0,22.0,2025-03-26 11:17:41
-0.2,-0.2,0.27,0.97,Moderate Earthquake,61.0,33.0,2025-03-26 11:17:43
0.85,0.98,0.78,1.51,Severe Earthquake!,131.0,31.0,2025-03-26 11:17:46
0.99,0.15,-0.92,0.51,Moderate Earthquake,257.0,35.0,2025-03-26 11:17:48
0.9,-0.26,-0.73,0.58,Moderate Earthquake,170.0,33.0,2025-03-26 11:17:50
-0.72,-0.63,0.4,0.04,No Alert,14.0,21.0,2025-03-26 11:17:52
-0.87,-0.38,0.91,1.6,Severe Earthquake!,144.0,28.0,2025-03-26 11:17:55
0.45,-0.68,-0.31,0.74,Moderate Earthquake,49.0,30.0,2025-03-26 11:17:57
-0.25,-0.43,-0.33,1.69,Severe Earthquake!,5.0,35.0,2025-03-26 11:17:59
0.72,-0.03,0.97,1.68,Severe Earthquake!,146.0,34.0,2025-03-26 11:18:02
-0.24,0.14,0.55,0.56,Moderate Earthquake,36.0,34.0,2025-03-26 11:18:04
-0.71,-0.44,0.37,0.68,Moderate Earthquake,90.0,20.0,2025-03-26 11:18:06
-0.69,-0.56,0.56,1.64,Severe Earthquake!,125.0,24.0,2025-03-26 11:18:09
0.74,0.29,0.45,1.48,Moderate Earthquake,119.0,34.0,2025-03-26 11:18:11
0.7,0.45,0.73,0.49,No Alert,90.0,37.0,2025-03-26 11:18:14
-0.55,0.24,-1.0,1.81,Severe Earthquake!,5.0,37.0,2025-03-26 11:18:16
0.47,0.31,-0.27,0.45,No Alert,15.0,36.0,2025-03-26 11:18:18
-0.45,0.68,0.08,0.31,No Alert,170.0,39.0,2025-03-26 11:18:20
0.6,0.11,0.49,0.51,Moderate Earthquake,107.0,32.0,2025-03-26 11:18:22
0.65,0.17,0.67,0.91,Moderate Earthquake,185.0,34.0,2025-03-26 11:18:24
0.33,0.88,0.84,0.88,Moderate Earthquake,144.0,26.0,2025-03-26 11:18:27
0.29,-0.49,0.68,0.84,Moderate Earthquake,50.0,22.0,2025-03-26 11:18:29
0.66,0.02,-0.1,1.81,Severe Earthquake!,198.0,21.0,2025-03-26 11:18:31
-0.2,0.17,-0.34,0.11,No Alert,299.0,39.0,2025-03-26 11:18:34
-0.15,0.03,-0.11,1.34,Moderate Earthquake,282.0,30.0,2025-03-26 11:18:36
-0.52,0.46,0.07,1.35,Moderate Earthquake,186.0,26.0,2025-03-26 11:18:39
0.09,0.36,0.89,1.52,Severe Earthquake!,269.0,32.0,2025-03-26 11:18:41
0.87,-0.86,0.61,0.94,Moderate Earthquake,112.0,38.0,2025-03-26 11:18:47
-0.01,-0.06,0.58,0.63,Moderate Earthquake,163.0,27.0,2025-03-26 11:18:52
0.53,0.23,0.74,1.37,Moderate Earthquake,99.0,24.0,2025-03-26 11:18:54
0.83,-0.46,0.04,0.06,No Alert,196.0,27.0,2025-03-26 11:18:56
0.7,0.24,0.4,1.14,Moderate Earthquake,5.0,28.0,2025-03-26 11:18:59
-0.24,0.5,-0.74,1.11,Moderate Earthquake,124.0,25.0,2025-03-26 11:19:01
-0.62,-0.5,-0.44,0.3,No Alert,121.0,34.0,2025-03-26 11:19:03
0.88,0.34,-0.32,1.47,Moderate Earthquake,51.0,26.0,2025-03-26 11:19:09
0.91,-0.25,-0.42,0.35,No Alert,277.0,37.0,2025-03-26 11:19:11
-0.95,0.93,0.68,1.34,Moderate Earthquake,186.0,32.0,2025-03-26 11:19:16
-0.64,0.26,-0.59,0.3,No Alert,186.0,38.0,2025-03-26 11:19:19
0.43,0.98,-0.01,0.46,No Alert,62.0,20.0,2025-03-26 11:19:24
0.75,0.99,0.22,0.51,Moderate Earthquake,111.0,32.0,2025-03-26 11:19:29
0.97,0.24,-0.28,0.79,Moderate Earthquake,216.0,26.0,2025-03-26 11:19:32
0.77,0.38,0.21,0.24,No Alert,102.0,27.0,2025-03-26 11:19:34
0.41,-0.03,-0.69,0.42,No Alert,252.0,35.0,2025-03-26 11:19:36
0.26,0.05,0.01,0.53,Moderate Earthquake,216.0,38.0,2025-03-26 11:19:53
-0.57,0.75,-0.31,0.77,Moderate Earthquake,253.0,39.0,2025-03-26 11:19:55
0.3,0.71,0.87,0.67,Moderate Earthquake,254.0,34.0,2025-03-26 11:19:58
0.26,-0.23,-0.59,0.46,No Alert,35.0,23.0,2025-03-26 11:20:00
-0.52,-0.08,0.16,0.59,Moderate Earthquake,219.0,32.0,2025-03-26 11:20:02
-0.05,-0.91,0.23,0.89,Moderate Earthquake,9.0,36.0,2025-03-26 11:20:04
0.3,-0.46,0.85,1.45,Moderate Earthquake,173.0,32.0,2025-03-26 11:20:07
-0.65,-0.1,-0.56,0.88,Moderate Earthquake,40.0,26.0,2025-04-03 20:26:27
0.28,-0.54,-0.89,1.93,Severe Earthquake!,217.0,31.0,2025-04-03 20:26:29
0.83,0.13,0.64,1.48,Moderate Earthquake,59.0,35.0,2025-04-03 20:26:31
0.56,-0.97,-0.81,1.51,Severe Earthquake!,157.0,24.0,2025-04-03 20:26:34
-0.76,-0.3,0.24,0.7,Moderate Earthquake,233.0,30.0,2025-04-03 20:26:36
-0.44,0.25,0.34,0.95,Moderate Earthquake,37.0,36.0,2025-04-03 20:26:40
-0.71,-0.3,0.65,0.03,No Alert,203.0,35.0,2025-04-03 20:26:42
0.11,0.2,-0.22,1.96,Severe Earthquake!,81.0,27.0,2025-04-03 20:26:44
0.76,0.67,-0.49,0.15,No Alert,220.0,36.0,2025-04-03 20:26:46
0.95,0.83,-0.19,0.88,Moderate Earthquake,167.0,30.0,2025-04-03 20:26:49
0.24,-0.67,-0.58,1.29,Moderate Earthquake,63.0,22.0,2025-04-03 20:26:51
-0.01,0.68,0.55,0.92,Moderate Earthquake,84.0,20.0,2025-04-03 20:26:55
0.18,-0.9,-0.59,1.03,Moderate Earthquake,276.0,22.0,2025-04-03 20:26:57
-0.42,-0.79,-0.76,1.97,Severe Earthquake!,125.0,22.0,2025-04-03 20:27:00
0.34,0.83,-0.07,1.52,Severe Earthquake!,285.0,31.0,2025-04-03 20:27:02
-0.95,0.42,-0.63,1.03,Moderate Earthquake,226.0,25.0,2025-04-03 20:27:05
-0.86,0.65,0.14,1.28,Moderate Earthquake,127.0,25.0,2025-04-03 20:27:07
0.96,-0.19,0.86,0.9,Moderate Earthquake,245.0,33.0,2025-04-03 20:27:09
-0.93,0.62,0.34,1.53,Severe Earthquake!,239.0,24.0,2025-04-03 20:27:12
-0.76,0.41,-0.93,0.33,No Alert,223.0,30.0,2025-04-03 20:27:14
0.85,-0.65,-0.05,1.07,Moderate Earthquake,70.0,32.0,2025-04-03 20:27:16
-0.31,-0.05,-0.54,1.22,Moderate Earthquake,73.0,28.0,2025-04-03 20:27:19
0.04,0.95,0.15,1.79,Severe Earthquake!,294.0,20.0,2025-04-03 20:27:21
-0.3,-0.42,0.25,1.42,Moderate Earthquake,79.0,33.0,2025-04-03 20:27:23
-0.8,0.98,0.18,0.42,No Alert,196.0,31.0,2025-04-03 20:27:25
0.44,0.62,-0.36,0.62,Moderate Earthquake,134.0,37.0,2025-04-03 20:27:28
0.45,-0.09,-0.46,0.72,Moderate Earthquake,165.0,21.0,2025-04-03 20:27:30
0.94,0.02,0.48,0.32,No Alert,222.0,22.0,2025-04-03 20:27:32
0.64,-0.67,-0.88,1.0,Moderate Earthquake,142.0,27.0,2025-04-03 20:27:34
0.28,-0.16,0.05,1.56,Severe Earthquake!,169.0,37.0,2025-04-03 20:27:37
-0.85,0.1,-0.43,1.31,Moderate Earthquake,119.0,21.0,2025-04-03 20:27:39
0.21,0.25,-0.76,0.48,No Alert,254.0,23.0,2025-04-03 20:27:42
0.08,0.12,0.69,0.61,Moderate Earthquake,176.0,20.0,2025-04-03 20:27:44
0.12,0.58,0.51,1.55,Severe Earthquake!,180.0,33.0,2025-04-03 20:27:46
0.66,-0.11,0.09,0.16,No Alert,267.0,26.0,2025-04-03 20:27:48
-0.89,0.46,0.59,1.84,Severe Earthquake!,193.0,35.0,2025-04-03 20:27:51
0.79,0.82,0.33,0.44,No Alert,67.0,28.0,2025-04-03 20:27:53
-0.29,-0.63,-0.28,0.39,No Alert,247.0,38.0,2025-04-03 20:27:56
-0.48,0.27,-0.34,0.23,No Alert,193.0,25.0,2025-04-03 20:27:58
-0.91,-0.97,-0.84,1.34,Moderate Earthquake,296.0,24.0,2025-04-03 20:28:00
0.46,0.69,-0.18,1.44,Moderate Earthquake,195.0,34.0,2025-04-03 20:28:03
-0.63,0.19,0.08,1.35,Moderate Earthquake,281.0,32.0,2025-04-03 20:28:05
-0.67,0.81,-0.95,1.03,Moderate Earthquake,223.0,26.0,2025-04-03 20:28:07
-0.03,0.7,-0.65,0.09,No Alert,86.0,35.0,2025-04-03 20:28:10
-0.83,-0.07,0.14,1.69,Severe Earthquake!,1.0,38.0,2025-04-03 20:28:12
-0.05,0.75,0.91,1.14,Moderate Earthquake,153.0,28.0,2025-04-03 20:28:14
-0.3,-0.29,0.1,1.95,Severe Earthquake!,222.0,21.0,2025-04-03 20:28:16
-0.75,0.54,-0.28,0.1,No Alert,244.0,30.0,2025-04-03 20:28:19
0.93,0.72,0.11,1.81,Severe Earthquake!,152.0,33.0,2025-04-03 20:28:21
0.49,0.31,-0.81,0.67,Moderate Earthquake,58.0,33.0,2025-04-03 20:28:23
-0.25,-0.01,-0.37,0.76,Moderate Earthquake,86.0,24.0,2025-04-03 20:28:25
-0.02,0.31,0.52,1.95,Severe Earthquake!,273.0,37.0,2025-04-03 20:28:28
0.19,-0.18,-0.83,0.39,No Alert,157.0,31.0,2025-04-03 20:28:30
0.06,0.46,0.75,1.28,Moderate Earthquake,59.0,29.0,2025-04-03 20:28:32
0.7,0.0,-0.55,0.96,Moderate Earthquake,244.0,38.0,2025-04-03 20:28:35
-0.65,-0.37,0.0,0.05,No Alert,155.0,39.0,2025-04-03 20:28:37
0.68,0.57,-0.53,1.2,Moderate Earthquake,88.0,24.0,2025-04-03 20:28:39
-0.5,0.61,0.08,0.4,No Alert,34.0,27.0,2025-04-03 20:28:41
0.3,0.19,0.88,0.04,No Alert,291.0,37.0,2025-04-03 20:28:44
-0.1,0.96,0.46,0.04,No Alert,61.0,21.0,2025-04-03 20:28:46
-0.43,0.7,-0.67,1.15,Moderate Earthquake,11.0,27.0,2025-04-03 20:28:49
0.76,-0.58,0.36,0.57,Moderate Earthquake,89.0,33.0,2025-04-03 20:28:51
0.89,-0.35,0.78,0.3,No Alert,159.0,31.0,2025-04-03 20:28:54
-0.06,-0.25,-0.98,0.53,Moderate Earthquake,178.0,36.0,2025-04-03 20:28:56
0.58,0.98,0.36,1.62,Severe Earthquake!,107.0,21.0,2025-04-03 20:28:59
-0.82,-0.79,-0.12,1.36,Moderate Earthquake,231.0,24.0,2025-04-03 20:29:01
0.2,-0.49,-0.12,0.43,No Alert,227.0,25.0,2025-04-03 20:29:03
-0.3,0.83,-0.21,0.25,No Alert,223.0,33.0,2025-04-03 20:29:06
0.72,0.68,0.78,0.1,No Alert,255.0,23.0,2025-04-03 20:29:08
0.84,0.6,0.01,0.87,Moderate Earthquake,134.0,24.0,2025-04-03 20:29:10
0.87,0.6,0.3,1.01,Moderate Earthquake,166.0,38.0,2025-04-03 20:29:12
0.06,-0.58,0.26,1.7,Severe Earthquake!,251.0,23.0,2025-04-03 20:29:15
0.92,-0.99,0.43,1.39,Moderate Earthquake,48.0,39.0,2025-04-03 20:29:17
0.78,-0.47,-0.6,0.72,Moderate Earthquake,24.0,33.0,2025-04-03 20:29:19
0.29,-0.74,0.66,1.4,Moderate Earthquake,58.0,29.0,2025-04-03 20:29:22
-0.99,-0.43,0.4,1.62,Severe Earthquake!,286.0,22.0,2025-04-03 20:29:24
-0.66,-1.0,0.38,0.22,No Alert,227.0,24.0,2025-04-03 20:29:26
0.4,-0.64,0.65,0.33,No Alert,185.0,34.0,2025-04-03 20:29:29
-0.8,0.54,-0.95,1.86,Severe Earthquake!,151.0,37.0,2025-04-03 20:29:31
-0.46,0.29,-0.48,0.93,Moderate Earthquake,267.0,32.0,2025-04-03 20:29:33
-0.81,0.69,0.0,0.38,No Alert,94.0,24.0,2025-04-03 20:29:35
-0.16,-0.06,-0.06,1.7,Severe Earthquake!,33.0,29.0,2025-04-03 20:29:38
-0.41,0.31,0.33,1.08,Moderate Earthquake,18.0,32.0,2025-04-03 20:29:40
0.52,0.24,0.79,1.25,Moderate Earthquake,292.0,33.0,2025-04-03 20:29:42
-0.08,-0.22,-0.84,1.21,Moderate Earthquake,266.0,26.0,2025-04-03 20:29:45
-0.31,-0.88,0.77,1.54,Severe Earthquake!,187.0,37.0,2025-04-03 20:29:47
0.68,-0.88,0.22,1.22,Moderate Earthquake,181.0,32.0,2025-04-03 20:29:49
-0.16,-0.76,0.75,1.21,Moderate Earthquake,84.0,37.0,2025-04-03 20:29:51
-0.82,0.62,0.36,1.1,Moderate Earthquake,252.0,26.0,2025-04-03 20:29:53
0.18,0.02,0.18,1.89,Severe Earthquake!,72.0,38.0,2025-04-03 20:29:56
0.4,0.33,-0.44,1.99,Severe Earthquake!,200.0,23.0,2025-04-03 20:29:58
-0.66,0.5,0.22,1.14,Moderate Earthquake,68.0,37.0,2025-04-03 20:30:00
0.4,0.26,-0.95,0.02,No Alert,110.0,33.0,2025-04-03 20:30:03
-0.65,-0.31,0.93,0.26,No Alert,270.0,24.0,2025-04-03 20:30:05
-1.0,-0.5,-0.56,0.2,No Alert,150.0,37.0,2025-04-03 20:30:07
0.18,-0.46,-0.12,1.73,Severe Earthquake!,47.0,32.0,2025-04-03 20:30:09
-0.19,-0.84,0.68,0.56,Moderate Earthquake,287.0,31.0,2025-04-03 20:30:12
-0.81,0.81,0.85,0.16,No Alert,49.0,26.0,2025-04-03 20:30:14
0.6,-0.12,0.19,0.02,No Alert,194.0,29.0,2025-04-03 20:30:16
0.87,-0.66,0.55,1.27,Moderate Earthquake,221.0,34.0,2025-04-03 20:30:18
-0.44,0.5,0.16,0.65,Moderate Earthquake,10.0,32.0,2025-04-03 20:30:21
0.83,0.24,0.5,1.33,Moderate Earthquake,84.0,25.0,2025-04-03 20:30:23
-0.11,0.78,0.72,1.08,Moderate Earthquake,295.0,27.0,2025-04-03 20:30:25
-0.61,-0.58,0.24,0.01,No Alert,173.0,31.0,2025-04-03 20:30:28
0.3,-0.87,-0.31,0.7,Moderate Earthquake,108.0,21.0,2025-04-03 20:30:30
0.04,-0.53,-0.15,1.95,Severe Earthquake!,180.0,35.0,2025-04-03 20:30:32
0.29,0.91,-0.47,0.55,Moderate Earthquake,217.0,24.0,2025-04-03 20:30:34
0.73,-0.2,-0.8,1.35,Moderate Earthquake,192.0,38.0,2025-04-03 20:30:36
-0.61,0.25,0.51,1.7,Severe Earthquake!,127.0,39.0,2025-04-03 20:30:39
0.12,0.67,-0.92,1.83,Severe Earthquake!,261.0,23.0,2025-04-03 20:30:41
0.84,-0.2,0.12,1.17,Moderate Earthquake,282.0,29.0,2025-04-03 20:30:43
0.53,-0.99,0.56,0.1,No Alert,204.0,26.0,2025-04-03 20:30:45
-0.83,0.98,0.37,0.85,Moderate Earthquake,99.0,30.0,2025-04-03 20:30:48
-0.27,-0.34,0.75,1.41,Moderate Earthquake,164.0,24.0,2025-04-03 20:30:50
-0.84,0.89,-0.92,0.99,Moderate Earthquake,276.0,22.0,2025-04-03 20:30:52
0.57,-0.73,-0.13,1.52,Severe Earthquake!,271.0,35.0,2025-04-03 20:30:55
0.56,-0.04,-0.44,0.63,Moderate Earthquake,62.0,21.0,2025-04-03 20:30:57
0.68,0.96,-0.83,0.55,Moderate Earthquake,44.0,22.0,2025-04-03 20:30:59
-0.43,0.28,-0.89,1.04,Moderate Earthquake,275.0,28.0,2025-04-03 20:31:02
-0.19,-0.71,0.57,1.17,Moderate Earthquake,108.0,20.0,2025-04-03 20:31:04
-0.19,-0.66,-0.51,0.46,No Alert,193.0,20.0,2025-04-03 20:31:06
-0.68,-0.69,-0.91,0.9,Moderate Earthquake,299.0,25.0,2025-04-03 20:31:08
-0.32,-0.75,-0.4,1.09,Moderate Earthquake,25.0,29.0,2025-04-03 20:31:11
-0.11,-0.55,-0.6,0.62,Moderate Earthquake,62.0,36.0,2025-04-03 20:31:13
-0.99,-0.66,-0.58,1.01,Moderate Earthquake,26.0,39.0,2025-04-03 20:31:15
-0.84,0.01,0.29,1.05,Moderate Earthquake,175.0,23.0,2025-04-03 20:31:18
-0.54,-0.7,-0.8,1.29,Moderate Earthquake,254.0,26.0,2025-04-03 20:31:20
0.84,0.06,-0.24,1.51,Severe Earthquake!,239.0,24.0,2025-04-03 20:31:22
-0.73,0.87,0.55,1.63,Severe Earthquake!,189.0,33.0,2025-04-03 20:31:25
0.7,0.24,0.17,0.81,Moderate Earthquake,275.0,35.0,2025-04-03 20:31:27
0.58,-0.79,-0.97,1.87,Severe Earthquake!,119.0,25.0,2025-04-03 20:31:30
0.85,-0.27,-0.89,1.88,Severe Earthquake!,132.0,34.0,2025-04-03 20:31:32
-0.93,0.62,0.73,1.62,Severe Earthquake!,2.0,34.0,2025-04-03 20:31:34
0.96,0.61,-0.59,0.46,No Alert,167.0,35.0,2025-04-03 20:31:37
0.34,0.08,-0.53,0.94,Moderate Earthquake,257.0,23.0,2025-04-03 20:31:39
0.53,0.87,0.61,1.29,Moderate Earthquake,179.0,34.0,2025-04-03 20:31:41
0.66,-0.03,0.13,1.2,Moderate Earthquake,117.0,38.0,2025-04-03 20:31:43
-0.23,-0.97,-0.6,0.61,Moderate Earthquake,32.0,29.0,2025-04-03 20:31:45
0.52,-0.43,-0.24,0.15,No Alert,115.0,38.0,2025-04-03 20:31:48
0.56,0.42,-0.03,1.21,Moderate Earthquake,93.0,37.0,2025-04-03 20:31:50
0.81,0.84,-0.65,1.5,Moderate Earthquake,196.0,21.0,2025-04-03 20:31:53
0.01,-0.51,-0.18,0.2,No Alert,80.0,35.0,2025-04-03 20:31:55
0.54,-0.36,-0.34,1.19,Moderate Earthquake,38.0,26.0,2025-04-03 20:31:57
0.47,0.27,-0.55,0.0,No Alert,205.0,31.0,2025-04-03 20:32:00
0.58,0.15,0.64,1.49,Moderate Earthquake,175.0,33.0,2025-04-03 20:32:02
0.31,0.31,0.37,0.48,No Alert,90.0,35.0,2025-04-03 20:32:04
0.74,-0.84,-0.61,0.65,Moderate Earthquake,133.0,36.0,2025-04-03 20:32:07
0.47,0.03,-0.73,0.58,Moderate Earthquake,9.0,29.0,2025-04-03 20:32:09
-0.7,-0.27,0.72,0.85,Moderate Earthquake,6.0,23.0,2025-04-03 20:32:11
0.84,-0.57,-0.36,1.96,Severe Earthquake!,209.0,35.0,2025-04-03 20:32:13
-0.2,-0.57,0.69,1.21,Moderate Earthquake,293.0,23.0,2025-04-03 20:32:16
-0.83,-0.68,0.49,0.98,Moderate Earthquake,258.0,36.0,2025-04-03 20:32:18
0.61,-0.19,0.86,0.02,No Alert,135.0,25.0,2025-04-03 20:32:21
-0.02,0.56,-0.6,0.84,Moderate Earthquake,165.0,24.0,2025-04-03 20:32:23
-0.81,0.26,-0.69,1.63,Severe Earthquake!,173.0,31.0,2025-04-03 20:32:25
0.85,0.02,-0.86,0.01,No Alert,223.0,27.0,2025-04-03 20:32:28
0.51,0.69,-0.3,1.31,Moderate Earthquake,196.0,23.0,2025-04-03 20:32:30
-0.24,0.81,0.88,0.53,Moderate Earthquake,296.0,28.0,2025-04-03 20:32:32
0.8,0.5,-0.7,1.5,Moderate Earthquake,178.0,21.0,2025-04-03 20:32:34
0.03,0.47,0.48,0.94,Moderate Earthquake,86.0,35.0,2025-04-03 20:32:37
-0.32,0.19,0.51,0.79,Moderate Earthquake,147.0,33.0,2025-04-03 20:32:39
-0.8,0.99,0.63,0.32,No Alert,240.0,32.0,2025-04-03 20:32:42
0.54,-0.05,0.13,1.0,Moderate Earthquake,3.0,25.0,2025-04-03 20:32:44
0.08,0.41,0.59,0.38,No Alert,14.0,34.0,2025-04-03 20:32:46
0.23,0.72,0.66,0.15,No Alert,206.0,30.0,2025-04-03 22:58:57
0.27,-0.46,-0.86,1.83,Severe Earthquake!,226.0,33.0,2025-04-03 22:58:59
0.66,0.78,-0.71,1.28,Moderate Earthquake,5.0,35.0,2025-04-03 22:59:02
-0.48,0.21,-0.57,0.97,Moderate Earthquake,291.0,37.0,2025-04-03 22:59:04
-0.11,-0.7,-0.48,0.9,Moderate Earthquake,168.0,30.0,2025-04-03 22:59:06
-0.89,0.73,0.22,0.72,Moderate Earthquake,69.0,39.0,2025-04-03 22:59:09
-0.77,0.86,0.38,1.87,Severe Earthquake!,234.0,21.0,2025-04-03 22:59:11
-0.22,0.86,0.13,1.88,Severe Earthquake!,245.0,36.0,2025-04-03 22:59:14
0.21,0.54,-0.59,1.38,Moderate Earthquake,25.0,27.0,2025-04-03 22:59:16
0.36,0.65,0.54,1.66,Severe Earthquake!,140.0,25.0,2025-04-03 22:59:18
-0.12,0.54,0.92,0.98,Moderate Earthquake,42.0,32.0,2025-04-03 22:59:27
-0.41,-0.65,-0.39,1.13,Moderate Earthquake,75.0,31.0,2025-04-03 22:59:30
0.95,0.11,-0.62,0.53,Moderate Earthquake,256.0,25.0,2025-04-03 22:59:32
0.15,-0.68,0.45,0.9,Moderate Earthquake,65.0,22.0,2025-04-03 22:59:35
-0.84,-0.61,0.93,1.41,Moderate Earthquake,237.0,32.0,2025-04-03 22:59:37
0.73,-0.58,0.75,0.31,No Alert,45.0,30.0,2025-04-03 22:59:39
0.32,-0.75,-0.95,0.28,No Alert,208.0,37.0,2025-04-03 22:59:42
-0.88,-0.36,-0.81,0.2,No Alert,24.0,32.0,2025-04-03 22:59:44
-0.08,0.09,0.11,1.77,Severe Earthquake!,101.0,25.0,2025-04-03 22:59:47
0.72,0.2,0.43,1.05,Moderate Earthquake,205.0,27.0,2025-04-03 22:59:49
0.9,0.04,-0.67,0.98,Moderate Earthquake,255.0,29.0,2025-04-03 22:59:52
-0.02,-0.43,-0.89,1.25,Moderate Earthquake,12.0,23.0,2025-04-03 22:59:55
0.31,0.01,0.38,0.07,No Alert,163.0,22.0,2025-04-03 22:59:57
-0.74,-0.69,-0.86,1.27,Moderate Earthquake,151.0,35.0,2025-04-03 22:59:59
0.25,0.09,-0.39,1.36,Moderate Earthquake,13.0,34.0,2025-04-03 23:00:02
-0.14,0.06,0.08,0.69,Moderate Earthquake,98.0,20.0,2025-04-03 23:00:04
0.39,-0.91,-0.01,0.06,No Alert,188.0,39.0,2025-04-03 23:00:06
-0.06,0.77,-0.9,1.56,Severe Earthquake!,138.0,25.0,2025-04-03 23:00:08
-0.57,-0.19,0.31,0.12,No Alert,159.0,21.0,2025-04-03 23:00:11
-0.9,0.02,0.51,1.91,Severe Earthquake!,231.0,39.0,2025-04-03 23:00:15
0.39,-0.51,-0.66,1.1,Moderate Earthquake,153.0,37.0,2025-04-03 23:00:18
-0.44,0.17,-0.42,1.08,Moderate Earthquake,47.0,20.0,2025-04-03 23:00:20
-0.27,-0.07,-0.02,0.87,Moderate Earthquake,214.0,21.0,2025-04-03 23:00:22
-0.53,-0.97,-0.65,1.43,Moderate Earthquake,180.0,34.0,2025-04-03 23:00:25
0.39,-0.52,0.92,0.19,No Alert,24.0,29.0,2025-04-03 23:00:27
-0.55,0.91,0.39,1.26,Moderate Earthquake,270.0,36.0,2025-04-03 23:00:29
0.85,0.39,-0.71,1.42,Moderate Earthquake,72.0,37.0,2025-04-03 23:00:32
-0.43,0.95,0.38,1.35,Moderate Earthquake,12.0,26.0,2025-04-03 23:00:35
-0.73,-0.5,-0.46,0.94,Moderate Earthquake,0.0,22.0,2025-04-03 23:00:37
-0.83,-0.72,0.84,1.01,Moderate Earthquake,232.0,20.0,2025-04-03 23:00:40
-0.14,0.98,0.62,0.64,Moderate Earthquake,243.0,35.0,2025-04-03 23:00:42
0.9,0.81,-0.37,1.6,Severe Earthquake!,235.0,37.0,2025-04-03 23:00:48
0.47,0.65,-0.67,1.32,Moderate Earthquake,263.0,31.0,2025-04-03 23:00:50
-0.67,-0.03,0.92,0.51,Moderate Earthquake,61.0,39.0,2025-04-03 23:00:53
-0.7,-0.44,0.18,0.44,No Alert,14.0,27.0,2025-04-03 23:00:55
-0.82,0.36,-1.0,1.77,Severe Earthquake!,147.0,24.0,2025-04-03 23:00:58
0.11,0.27,0.69,0.61,Moderate Earthquake,117.0,21.0,2025-04-03 23:01:00
0.76,-0.35,0.2,0.75,Moderate Earthquake,42.0,21.0,2025-04-03 23:01:02
-0.56,0.23,0.0,0.53,Moderate Earthquake,253.0,29.0,2025-04-03 23:01:05
-0.55,-0.34,0.37,1.33,Moderate Earthquake,204.0,26.0,2025-04-03 23:01:07
-0.7,0.6,-0.08,1.89,Severe Earthquake!,118.0,21.0,2025-04-03 23:01:09
0.21,0.35,-0.96,1.17,Moderate Earthquake,45.0,31.0,2025-04-03 23:01:12
0.52,-0.55,-0.33,0.34,No Alert,184.0,36.0,2025-04-03 23:01:14
-0.84,-0.57,0.51,1.16,Moderate Earthquake,119.0,39.0,2025-04-03 23:01:16
-0.91,-0.04,0.84,1.13,Moderate Earthquake,206.0,22.0,2025-04-03 23:01:19
-0.44,0.39,0.41,1.57,Severe Earthquake!,120.0,36.0,2025-04-03 23:01:21
0.72,0.54,0.23,0.39,No Alert,72.0,26.0,2025-04-03 23:01:23
0.1,0.22,-0.38,0.92,Moderate Earthquake,30.0,22.0,2025-04-03 23:01:26
-0.51,0.42,-0.28,0.91,Moderate Earthquake,39.0,21.0,2025-04-03 23:01:29
0.48,-0.49,0.97,0.63,Moderate Earthquake,243.0,36.0,2025-04-03 23:01:31
0.35,0.4,0.31,0.36,No Alert,68.0,32.0,2025-04-03 23:01:33
-0.65,0.97,-0.94,0.39,No Alert,148.0,29.0,2025-04-03 23:01:35
0.76,0.35,-0.29,0.57,Moderate Earthquake,24.0,39.0,2025-04-03 23:01:38
0.71,0.31,0.57,1.84,Severe Earthquake!,179.0,20.0,2025-04-03 23:01:40
0.54,-0.22,-0.5,0.9,Moderate Earthquake,25.0,31.0,2025-04-04 13:24:08
-0.25,-0.88,-0.2,1.25,Moderate Earthquake,122.0,23.0,2025-04-04 13:24:10
-0.41,-0.49,0.26,0.21,No Alert,294.0,27.0,2025-04-04 13:24:12
-0.43,-0.07,0.86,0.78,Moderate Earthquake,169.0,35.0,2025-04-04 13:24:15
0.16,0.01,-0.91,0.05,No Alert,233.0,37.0,2025-04-04 13:24:17
0.02,-0.72,-0.9,1.35,Moderate Earthquake,95.0,32.0,2025-04-04 13:24:20
0.87,-0.32,0.11,1.79,Severe Earthquake!,124.0,39.0,2025-04-04 13:24:22
-0.39,0.75,0.17,1.24,Moderate Earthquake,240.0,30.0,2025-04-04 13:24:25
-0.61,0.99,-0.7,1.6,Severe Earthquake!,283.0,36.0,2025-04-04 13:24:28
-0.64,-1.0,-0.62,0.53,Moderate Earthquake,97.0,32.0,2025-04-04 13:24:30
-0.83,0.63,-0.72,0.4,No Alert,286.0,33.0,2025-04-04 13:24:33
-0.64,-0.47,0.8,1.67,Severe Earthquake!,146.0,34.0,2025-04-04 13:24:35
0.53,0.57,0.7,0.37,No Alert,204.0,37.0,2025-04-04 13:24:37
0.52,-0.36,0.99,0.63,Moderate Earthquake,21.0,37.0,2025-04-04 13:24:39
-0.65,0.18,-0.14,1.66,Severe Earthquake!,117.0,29.0,2025-04-04 13:24:42
0.4,-0.33,0.38,1.85,Severe Earthquake!,289.0,20.0,2025-04-04 13:24:44
-0.91,-0.73,-0.72,1.99,Severe Earthquake!,228.0,21.0,2025-04-04 13:24:46
-0.82,-0.82,-0.33,0.02,No Alert,232.0,38.0,2025-04-04 13:24:49
0.17,0.92,-0.72,0.11,No Alert,146.0,34.0,2025-04-04 13:24:51
0.64,-0.12,-0.92,1.51,Severe Earthquake!,123.0,26.0,2025-04-09 13:38:42
-0.94,-0.36,-0.61,1.44,Moderate Earthquake,15.0,25.0,2025-04-09 13:38:45
-0.22,0.9,-0.93,1.19,Moderate Earthquake,259.0,37.0,2025-04-09 13:38:47
-0.71,-0.24,-0.8,0.79,Moderate Earthquake,148.0,23.0,2025-04-09 13:38:49
-0.85,0.12,-0.84,0.93,Moderate Earthquake,294.0,27.0,2025-04-09 13:38:51
0.98,0.44,0.68,0.04,No Alert,258.0,23.0,2025-04-09 13:38:53
0.87,-0.31,0.85,0.33,No Alert,116.0,31.0,2025-04-09 13:38:56
-0.5,-0.11,-0.5,0.18,No Alert,88.0,39.0,2025-04-09 13:38:58
0.46,-0.16,-0.79,1.1,Moderate Earthquake,38.0,34.0,2025-04-09 13:39:00
0.58,-0.74,-0.76,1.49,Moderate Earthquake,120.0,26.0,2025-04-09 13:39:03
0.37,-0.67,-0.53,1.96,Severe Earthquake!,149.0,30.0,2025-04-09 13:39:05
0.08,-0.76,-0.57,1.62,Severe Earthquake!,284.0,33.0,2025-04-09 13:39:07
0.44,0.33,0.93,1.72,Severe Earthquake!,232.0,30.0,2025-04-09 13:39:09
-0.21,-0.63,-0.43,1.29,Moderate Earthquake,169.0,20.0,2025-04-09 13:39:12
0.18,-0.13,-0.32,1.34,Moderate Earthquake,27.0,38.0,2025-04-09 13:39:14
0.99,-0.48,0.15,1.11,Moderate Earthquake,135.0,32.0,2025-04-09 13:39:16
-0.36,0.07,-0.27,0.87,Moderate Earthquake,126.0,21.0,2025-04-09 13:39:19
0.52,0.91,-0.01,0.72,Moderate Earthquake,188.0,30.0,2025-04-09 13:39:21
0.66,0.31,0.91,0.73,Moderate Earthquake,67.0,21.0,2025-04-09 13:39:23
0.23,-0.57,-0.05,1.01,Moderate Earthquake,243.0,20.0,2025-04-09 13:39:25
0.93,-0.53,0.9,1.31,Moderate Earthquake,25.0,37.0,2025-04-09 13:39:28
0.87,-0.23,0.52,1.3,Moderate Earthquake,193.0,29.0,2025-04-09 13:39:30
-0.66,0.46,0.21,0.88,Moderate Earthquake,144.0,26.0,2025-04-09 13:39:32
0.21,0.77,-0.45,0.5,No Alert,163.0,24.0,2025-04-09 13:39:34
-0.01,-0.54,0.82,0.99,Moderate Earthquake,78.0,32.0,2025-04-09 13:39:36
0.61,-0.83,-0.22,0.69,Moderate Earthquake,209.0,35.0,2025-04-09 13:39:39
-0.25,0.91,-0.74,0.22,No Alert,147.0,21.0,2025-04-09 13:39:41
-0.87,0.47,0.0,0.63,Moderate Earthquake,154.0,38.0,2025-04-09 13:39:43
0.03,-0.56,-0.05,1.93,Severe Earthquake!,37.0,28.0,2025-04-09 13:39:46
0.24,-0.67,-0.75,0.61,Moderate Earthquake,220.0,21.0,2025-04-09 13:39:48
0.8,-0.38,-0.96,1.9,Severe Earthquake!,164.0,25.0,2025-04-09 13:39:50
-0.56,0.9,-0.39,1.52,Severe Earthquake!,59.0,24.0,2025-04-09 13:39:52
0.19,0.73,-0.85,0.34,No Alert,224.0,32.0,2025-04-09 13:39:55
-0.76,0.23,0.15,0.09,No Alert,268.0,28.0,2025-04-09 13:39:57
0.19,-0.65,-0.85,0.55,Moderate Earthquake,259.0,35.0,2025-04-09 13:39:59
0.79,0.81,-0.2,1.88,Severe Earthquake!,156.0,22.0,2025-04-09 13:40:02
-0.86,-0.2,0.05,1.98,Severe Earthquake!,50.0,25.0,2025-04-09 13:40:04
0.33,0.02,-0.26,1.74,Severe Earthquake!,196.0,20.0,2025-04-09 13:40:06
0.46,0.91,0.29,0.22,No Alert,184.0,21.0,2025-04-09 13:40:08
-0.46,-0.24,0.88,0.58,Moderate Earthquake,184.0,28.0,2025-04-09 13:40:10
-0.93,-0.09,0.49,0.16,No Alert,275.0,25.0,2025-04-09 13:40:13
-0.12,-1.0,-0.99,1.02,Moderate Earthquake,56.0,26.0,2025-04-09 13:40:15
0.34,0.24,0.29,0.98,Moderate Earthquake,74.0,31.0,2025-04-09 13:40:17
-0.87,0.62,0.25,1.25,Moderate Earthquake,22.0,25.0,2025-04-09 13:40:19
0.73,-0.97,-0.23,1.68,Severe Earthquake!,189.0,31.0,2025-04-09 13:40:22
-0.23,-0.53,-0.14,0.59,Moderate Earthquake,206.0,33.0,2025-04-09 13:40:24
0.89,0.86,0.35,0.78,Moderate Earthquake,36.0,39.0,2025-04-09 13:40:26
0.05,-0.26,-0.76,1.59,Severe Earthquake!,222.0,32.0,2025-04-09 13:40:28
-0.86,0.15,0.05,1.79,Severe Earthquake!,179.0,28.0,2025-04-09 13:40:31
-0.95,-0.5,0.64,1.46,Moderate Earthquake,127.0,30.0,2025-04-09 13:40:33
0.47,-0.59,0.58,1.7,Severe Earthquake!,32.0,21.0,2025-04-09 13:40:35
-0.02,-0.2,-0.04,0.16,No Alert,152.0,33.0,2025-04-09 13:40:38
0.26,0.02,-0.16,0.21,No Alert,193.0,24.0,2025-04-09 13:40:40
0.97,-0.19,0.31,0.57,Moderate Earthquake,207.0,25.0,2025-04-09 13:40:42
-0.54,0.05,0.89,1.74,Severe Earthquake!,251.0,34.0,2025-04-09 13:40:44
-0.15,-0.2,0.9,1.79,Severe Earthquake!,244.0,26.0,2025-04-09 13:40:47
-0.36,0.58,-0.2,1.22,Moderate Earthquake,192.0,39.0,2025-04-09 13:40:49
-0.18,0.36,-0.34,0.8,Moderate Earthquake,88.0,38.0,2025-04-09 13:40:51
0.15,0.32,-0.49,0.57,Moderate Earthquake,286.0,29.0,2025-04-09 13:40:54
0.54,-0.19,-0.46,0.13,No Alert,291.0,30.0,2025-04-09 13:40:56
-0.8,-0.16,0.99,0.43,No Alert,70.0,24.0,2025-04-09 13:40:58
0.08,-0.58,0.99,0.1,No Alert,78.0,34.0,2025-04-09 13:41:01
-0.15,0.79,-0.59,0.52,Moderate Earthquake,254.0,29.0,2025-04-09 13:41:03
-0.74,0.99,0.26,0.32,No Alert,11.0,34.0,2025-04-09 13:41:05
0.88,-0.84,-0.16,1.86,Severe Earthquake!,190.0,28.0,2025-04-09 13:41:08
0.11,0.18,-0.39,1.58,Severe Earthquake!,246.0,21.0,2025-04-09 13:41:10
0.11,0.44,0.76,1.23,Moderate Earthquake,77.0,20.0,2025-04-09 13:41:12
-0.58,-0.53,0.43,0.52,Moderate Earthquake,76.0,35.0,2025-04-09 13:41:15
0.89,-0.98,0.19,0.01,No Alert,23.0,38.0,2025-04-09 13:41:17
-0.82,-0.27,-0.78,1.65,Severe Earthquake!,294.0,22.0,2025-04-09 13:41:19
-0.07,-0.06,0.99,1.99,Severe Earthquake!,4.0,38.0,2025-04-09 13:41:21
0.33,-0.76,-0.81,0.68,Moderate Earthquake,150.0,26.0,2025-04-09 13:41:24
-0.74,-0.85,0.87,0.74,Moderate Earthquake,266.0,34.0,2025-04-09 13:41:26
-0.28,-0.38,0.71,0.82,Moderate Earthquake,12.0,37.0,2025-04-09 13:41:28
-0.48,0.62,0.63,0.74,Moderate Earthquake,281.0,36.0,2025-04-09 13:41:30
-0.48,-0.81,-0.51,0.0,No Alert,30.0,32.0,2025-04-09 13:41:33
0.65,-0.86,0.8,0.82,Moderate Earthquake,118.0,29.0,2025-04-09 13:41:35
-0.06,0.74,-0.84,1.32,Moderate Earthquake,214.0,25.0,2025-04-09 13:41:37
0.89,0.39,0.44,1.82,Severe Earthquake!,268.0,39.0,2025-04-09 13:41:40
-0.84,-0.83,-0.77,0.88,Moderate Earthquake,147.0,27.0,2025-04-09 13:41:42
-0.72,-0.65,-0.62,0.71,Moderate Earthquake,264.0,27.0,2025-04-09 13:41:44
-0.11,0.09,-0.96,1.93,Severe Earthquake!,12.0,37.0,2025-04-09 13:41:46
-0.12,0.53,-0.69,0.11,No Alert,142.0,32.0,2025-04-09 13:41:49
0.47,0.55,0.25,0.08,No Alert,294.0,37.0,2025-04-09 13:41:51
0.09,0.85,-0.24,1.41,Moderate Earthquake,182.0,37.0,2025-04-09 13:41:53
-0.46,0.95,0.99,0.83,Moderate Earthquake,192.0,28.0,2025-04-09 13:41:55
-0.87,-0.7,-0.12,0.12,No Alert,232.0,31.0,2025-04-09 13:41:58
-0.12,-0.5,0.02,0.16,No Alert,17.0,36.0,2025-04-09 13:42:00
-0.36,-0.55,-0.41,1.72,Severe Earthquake!,79.0,22.0,2025-04-09 13:42:02
-0.54,0.68,0.65,0.39,No Alert,74.0,31.0,2025-04-09 13:42:04
-0.22,-0.92,-0.66,0.68,Moderate Earthquake,62.0,21.0,2025-04-09 13:42:06
-0.41,-0.15,-0.27,1.54,Severe Earthquake!,38.0,36.0,2025-04-09 13:42:09
-0.29,-0.17,0.39,0.37,No Alert,296.0,23.0,2025-04-09 13:42:11
0.46,-0.2,0.8,1.6,Severe Earthquake!,119.0,21.0,2025-04-09 13:42:13
0.85,0.04,-0.99,0.4,No Alert,159.0,29.0,2025-04-09 13:42:16
0.34,-0.11,0.81,1.51,Severe Earthquake!,87.0,38.0,2025-04-09 13:42:18
-0.81,0.65,0.87,0.32,No Alert,44.0,36.0,2025-04-09 13:42:20
0.45,-0.83,-0.98,1.4,Moderate Earthquake,48.0,30.0,2025-04-09 13:42:22
0.44,-0.33,-0.89,0.09,No Alert,292.0,38.0,2025-04-09 13:42:25
-0.83,-0.42,0.27,1.94,Severe Earthquake!,282.0,38.0,2025-04-09 13:42:27
0.29,0.09,-0.82,0.63,Moderate Earthquake,123.0,23.0,2025-04-09 13:42:29
0.19,0.35,0.03,1.54,Severe Earthquake!,143.0,30.0,2025-04-09 13:42:31
0.48,0.58,0.37,0.45,No Alert,203.0,37.0,2025-04-09 13:42:34
0.37,-0.69,0.49,0.11,No Alert,12.0,29.0,2025-04-09 13:42:36
0.97,0.93,0.39,1.06,Moderate Earthquake,270.0,25.0,2025-04-09 13:42:38
0.58,-0.91,0.82,0.6,Moderate Earthquake,45.0,25.0,2025-04-09 13:42:40
0.57,0.54,-0.53,1.71,Severe Earthquake!,27.0,21.0,2025-04-09 13:42:43
-0.77,0.63,-0.33,1.1,Moderate Earthquake,13.0,27.0,2025-04-09 13:42:45
-0.12,0.66,-0.35,1.02,Moderate Earthquake,126.0,28.0,2025-04-09 13:42:50
0.74,-0.97,-0.54,0.0,No Alert,274.0,33.0,2025-04-09 13:42:53
-0.22,0.69,0.94,0.21,No Alert,218.0,30.0,2025-04-09 13:42:55
0.25,-0.35,-0.49,1.42,Moderate Earthquake,65.0,20.0,2025-04-09 13:42:57
-0.01,-0.45,-0.73,0.23,No Alert,8.0,29.0,2025-04-09 13:42:59
-0.13,-0.47,-0.51,0.68,Moderate Earthquake,55.0,28.0,2025-04-09 13:43:02
-0.39,-0.77,0.76,0.25,No Alert,212.0,33.0,2025-04-09 13:43:04
